Afghanistan,AF,33,65,Afghanistan
Albania,AL,41,20,Albania
Algeria,DZ,28,3,Algeria
American Samoa,AS,-14.3333,-170,Samoa
Andorra,AD,42.5,1.5,Andorra
Angola,AO,-12.5,18.5,Angola
Anguilla,AI,18.25,-63.1667,Anguilla
Antarctica,AQ,-90,0,Antarctica
Antigua and Barbuda,AG,17.05,-61.8,Barbuda
Aotearoa,NZ,-41,174,Aotearoa
Argentina,AR,-34,-64,Argentina
Armenia,AM,40,45,Armenia
Aruba,AW,12.5,-69.9667,Aruba
Ascension Island,AC,14.42,7.93,Island
Australia,AU,-27,133,Australia
Austria,AT,47.3333,13.3333,Austria
Azerbaijan,AZ,40.5,47.5,Azerbaijan
Bahamas,BS,24.25,-76,Bahamas
Bahrain,BH,26,50.55,Bahrain
Bangladesh,BD,24,90,Bangladesh
Barbados,BB,13.1667,-59.5333,Barbados
Belarus,BY,53,28,Belarus
Belgium,BE,50.8333,4,Belgium
Belize,BZ,17.25,-88.75,Belize
Benin,BJ,9.5,2.25,Benin
Bermuda,BM,32.3333,-64.75,Bermuda
Bhutan,BT,27.5,90.5,Bhutan
Bolivia,BO,-17,-65,Bolivia
Bosnia and Herzegovina,BA,44,18,Herzegovina
Botswana,BW,-22,24,Botswana
Bouvet Island,BV,-54.4333,3.4,Island
Brazil,BR,-10,-55,Brazil
British Indian Ocean Territory,IO,-6,71.5,Territory
British Virgin Islands,VG,18.5,-64.5,Islands
Brunei Darussalam,BN,4.5,114.667,Darussalam
Bulgaria,BG,43,25,Bulgaria
Burkina Faso,BF,13,-2,Faso
Burundi,BI,-3.5,30,Burundi
Cambodia,KH,13,105,Cambodia
Cameroon,CM,6,12,Cameroon
Canada,CA,60,-95,Canada
Cape Verde,CV,16,-24,Verde
Cayman Islands,KY,19.5,-80.5,Islands
Central African Republic,CF,7,21,Republic
Chad,TD,15,19,Chad
Chile,CL,-30,-71,Chile
China,CN,35,105,China
Christmas Island,CX,-10.5,105.667,Island
Cocos Islands,CC,-12.5,96.8333,Islands
Colombia,CO,4,-72,Colombia
Comoros,KM,-12.1667,44.25,Comoros
Congo,CG,-1,15,Congo
Cook Islands,CK,-21.2333,-159.767,Islands
Costa Rica,CR,10,-84,Rica
Cote D'Ivoire,CI,8,-5,Ivoire
Croatia,HR,45.1667,15.5,Croatia
Cuba,CU,21.5,-80,Cuba
Cyprus,CY,35,33,Cyprus
Czech Republic,CZ,49.75,15.5,Republic
Democratic Republic of Congo,CD,0,25,Congo
Denmark,DK,56,10,Denmark
Djibouti,DJ,11.5,43,Djibouti
Dominica,DM,15.4167,-61.3333,Dominica
Dominican Republic,DO,19,-70.6667,Republic
Ecuador,EC,-2,-77.5,Ecuador
Egypt,EG,27,30,Egypt
El Salvador,SV,13.8333,-88.9167,Salvador
England,GB,54,-2,England
Equatorial Guinea,GQ,2,10,Guinea
Eritrea,ER,15,39,Eritrea
Estonia,EE,59,26,Estonia
Ethiopia,ET,8,38,Ethiopia
European Union,EU,47,8,Union
F.Y.R.O.M.,MK,41.8333,22,M
Falkland Islands,FK,-51.75,-59,Islands
Faroe Islands,FO,62,-7,Islands
Fiji,FJ,-18,175,Fiji
Finland,FI,64,26,Finland
France,FR,46,2,France
French Guiana,GF,4,-53,Guiana
French Polynesia,PF,-15,-140,Polynesia
French Southern Territories,TF,-43,67,Territories
Gabon,GA,-1,11.75,Gabon
Gambia,GM,13.4667,-16.5667,Gambia
Georgia,GE,42,43.5,Georgia
Germany,DE,51,9,Germany
Ghana,GH,8,-2,Ghana
Gibraltar,GI,36.1833,-5.3667,Gibraltar
Great Britain,GB,54,-2,Britain
Greece,GR,39,22,Greece
Greenland,GL,72,-40,Greenland
Grenada,GD,12.1167,-61.6667,Grenada
Guadeloupe,GP,16.25,-61.5833,Guadeloupe
Guam,GU,13.4667,144.783,Guam
Guatemala,GT,15.5,-90.25,Guatemala
Guinea,GN,11,-10,Guinea
Guinea-Bissau,GW,12,-15,Bissau
Guyana,GY,5,-59,Guyana
Haiti,HT,19,-72.4167,Haiti
Heard and McDonald Islands,HM,-53.1,72.5167,Islands
Holy See,VA,41.9,12.45,See
Honduras,HN,15,-86.5,Honduras
Hong Kong,HK,22.25,114.167,Kong
Hrvatska,HR,45.1667,15.5,Hrvatska
Hungary,HU,47,20,Hungary
Iceland,IS,65,-18,Iceland
India,IN,20,77,India
Indonesia,ID,-5,120,Indonesia
Iran,IR,32,53,Iran
Iraq,IQ,33,44,Iraq
Ireland,IE,53,-8,Ireland
Israel,IL,31.5,34.75,Israel
Italy,IT,42.8333,12.8333,Italy
Ivory Coast,CI,8,-5,Coast
Jamaica,JM,18.25,-77.5,Jamaica
Japan,JP,36,138,Japan
Jordan,JO,31,36,Jordan
Kazakhstan,KZ,48,68,Kazakhstan
Keeling Islands,CC,-12.5,96.8333,Islands
Kenya,KE,1,38,Kenya
Kiribati,KI,1.4167,173,Kiribati
Kuwait,KW,29.3375,47.6581,Kuwait
Kyrgyzstan,KG,41,75,Kyrgyzstan
Laos,LA,18,105,Laos
Latvia,LV,57,25,Latvia
Lebanon,LB,33.8333,35.8333,Lebanon
Lesotho,LS,-29.5,28.5,Lesotho
Liberia,LR,6.5,-9.5,Liberia
Libya,LY,25,17,Libya
Liechtenstein,LI,47.1667,9.5333,Liechtenstein
Lithuania,LT,56,24,Lithuania
Luxembourg,LU,49.75,6.1667,Luxembourg
Macau,MO,22.1667,113.55,Macau
Macedonia,MK,41.8333,22,Macedonia
Madagascar,MG,-20,47,Madagascar
Malawi,MW,-13.5,34,Malawi
Malaysia,MY,2.5,112.5,Malaysia
Maldives,MV,3.25,73,Maldives
Mali,ML,17,-4,Mali
Malta,MT,35.8333,14.5833,Malta
Malvinas,FK,-51.75,-59,Malvinas
Marshall Islands,MH,9,168,Islands
Martinique,MQ,14.6667,-61,Martinique
Mauritania,MR,20,-12,Mauritania
Mauritius,MU,-20.2833,57.55,Mauritius
Mayotte,YT,-12.8333,45.1667,Mayotte
Mexico,MX,23,-102,Mexico
Micronesia,FM,6.9167,158.25,Micronesia
Moldova,MD,47,29,Moldova
Monaco,MC,43.7333,7.4,Monaco
Mongolia,MN,46,105,Mongolia
Montenegro,ME,42,19,Montenegro
Montserrat,MS,16.75,-62.2,Montserrat
Morocco,MA,32,-5,Morocco
Mozambique,MZ,-18.25,35,Mozambique
Myanmar,MM,22,98,Myanmar
Namibia,NA,-22,17,Namibia
Nauru,NR,-0.5333,166.917,Nauru
Nepal,NP,28,84,Nepal
Netherlands,NL,52.5,5.75,Netherlands
Netherlands Antilles,AN,12.25,-68.75,Antilles
New Caledonia,NC,-21.5,165.5,Caledonia
New Zealand,NZ,-41,174,Zealand
Nicaragua,NI,13,-85,Nicaragua
Niger,NE,16,8,Niger
Nigeria,NG,10,8,Nigeria
Niue,NU,-19.0333,-169.867,Niue
Norfolk Island,NF,-29.0333,167.95,Island
North Korea,KP,40,127,Korea
Northern Ireland,GB,54,-2,Ireland
Northern Mariana Islands,MP,15.2,145.75,Islands
Norway,NO,62,10,Norway
Oman,OM,21,57,Oman
Pakistan,PK,30,70,Pakistan
Palau,PW,7.5,134.5,Palau
Palestinian Territory,PS,32,35.25,Territory
Panama,PA,9,-80,Panama
Papua New Guinea,PG,-6,147,Guinea
Paraguay,PY,-23,-58,Paraguay
Peru,PE,-10,-76,Peru
Philippines,PH,13,122,Philippines
Poland,PL,52,20,Poland
Portugal,PT,39.5,-8,Portugal
Puerto Rico,PR,18.25,-66.5,Rico
Qatar,QA,25.5,51.25,Qatar
Reunion,RE,-21.1,55.6,Reunion
Romania,RO,46,25,Romania
Russia,RU,60,100,Russia
Russian Federation,RU,60,100,Federation
Rwanda,RW,-2,30,Rwanda
Saint Kitts and Nevis,KN,17.3333,-62.75,Nevis
Saint Lucia,LC,13.8833,-61.1333,Lucia
Saint Vincent and the Grenadines,VC,13.25,-61.2,Grenadines
Samoa,WS,-13.5833,-172.333,Samoa
San Marino,SM,43.7667,12.4167,Marino
Sao Tome and Principe,ST,1,7,Principe
Saudi Arabia,SA,25,45,Arabia
Scotland,GB,54,-2,Scotland
Senegal,SN,14,-14,Senegal
Serbia,RS,44,21,Serbia
Seychelles,SC,-4.5833,55.6667,Seychelles
Sierra Leone,SL,8.5,-11.5,Leone
Singapore,SG,1.3667,103.8,Singapore
Slovak Republic,SK,48.6667,19.5,Republic
Slovenia,SI,46,15,Slovenia
Solomon Islands,SB,-8,159,Islands
Somalia,SO,10,49,Somalia
South Africa,ZA,-29,24,Africa
South Georgia and South Sandwich Islands,GS,-54.5,-37,Islands
South Korea,KR,37,127.5,Korea
Spain,ES,40,-4,Spain
Sri Lanka,LK,7,81,Lanka
St. Helena,SH,-15.9333,-5.7,Helena
St. Pierre and Miquelon,PM,46.8333,-56.3333,Miquelon
Sudan,SD,15,30,Sudan
Suriname,SR,4,-56,Suriname
Svalbard and Jan Mayen Islands,SJ,78,20,Islands
Swaziland,SZ,-26.5,31.5,Swaziland
Sweden,SE,62,15,Sweden
Switzerland,CH,47,8,Switzerland
Syria,SY,35,38,Syria
Taiwan,TW,23.5,121,Taiwan
Tajikistan,TJ,39,71,Tajikistan
Tanzania,TZ,-6,35,Tanzania
Thailand,TH,15,100,Thailand
Togo,TG,8,1.1667,Togo
Tokelau,TK,-9,-172,Tokelau
Tonga,TO,-20,-175,Tonga
Trinidad and Tobago,TT,11,-61,Tobago
Tunisia,TN,34,9,Tunisia
Turkey,TR,39,35,Turkey
Turkmenistan,TM,40,60,Turkmenistan
Turks and Caicos Islands,TC,21.75,-71.5833,Islands
Tuvalu,TV,-8,178,Tuvalu
U.S. Virgin Islands,VI,18.3333,-64.8333,Islands
Uganda,UG,1,32,Uganda
UK,GB,54,-2,UK
Ukraine,UA,49,32,Ukraine
United Arab Emirates,AE,24,54,Emirates
United States,US,38,-97,States
Uruguay,UY,-33,-56,Uruguay
US Minor Outlying Islands,UM,19.2833,166.6,Islands
USA,US,38,-97,USA
Uzbekistan,UZ,41,64,Uzbekistan
Vanuatu,VU,-16,167,Vanuatu
Vatican,VA,41.9,12.45,Vatican
Vatican City State,VA,41.9,12.45,State
Venezuela,VE,8,-66,Venezuela
Viet Nam,VN,16,106,Nam
Wales,GB,54,-2,Wales
Wallis and Futuna Islands,WF,-13.3,-176.2,Islands
Western Sahara,EH,24.5,-13,Sahara
Yemen,YE,15,48,Yemen
Zambia,ZM,-15,30,Zambia
Zimbabwe,ZW,-20,30,Zimbabwe
