Alaska,AK,US,61.385,-152.2683,Alaska
Alabama,AL,US,32.799,-86.8073,Alabama
Arkansas,AR,US,34.9513,-92.3809,Arkansas
American Samoa,AS,AS,14.2417,-170.7197,Samoa
Arizona,AZ,US,33.7712,-111.3877,Arizona
California,CA,US,36.17,-119.7462,California
Colorado,CO,US,39.0646,-105.3272,Colorado
Connecticut,CT,US,41.5834,-72.7622,Connecticut
District of Columbia,DC,US,38.8964,-77.0262,Columbia
Delaware,DE,US,39.3498,-75.5148,Delaware
Florida,FL,US,27.8333,-81.717,Florida
Georgia,GA,US,32.9866,-83.6487,Georgia
Hawaii,HI,US,21.1098,-157.5311,Hawaii
Iowa,IA,US,42.0046,-93.214,Iowa
Idaho,ID,US,44.2394,-114.5103,Idaho
Illinois,IL,US,40.3363,-89.0022,Illinois
Indiana,IN,US,39.8647,-86.2604,Indiana
Kansas,KS,US,38.5111,-96.8005,Kansas
Kentucky,KY,US,37.669,-84.6514,Kentucky
Louisiana,LA,US,31.1801,-91.8749,Louisiana
Massachusetts,MA,US,42.2373,-71.5314,Massachusetts
Maryland,MD,US,39.0724,-76.7902,Maryland
Maine,ME,US,44.6074,-69.3977,Maine
Michigan,MI,US,43.3504,-84.5603,Michigan
Minnesota,MN,US,45.7326,-93.9196,Minnesota
Missouri,MO,US,38.4623,-92.302,Missouri
Northern Mariana Islands,MP,MP,14.8058,145.5505,Islands
Mississippi,MS,US,32.7673,-89.6812,Mississippi
Montana,MT,US,46.9048,-110.3261,Montana
North Carolina,NC,US,35.6411,-79.8431,Carolina
North Dakota,ND,US,47.5362,-99.793,Dakota
Nebraska,NE,US,41.1289,-98.2883,Nebraska
New Hampshire,NH,US,43.4108,-71.5653,Hampshire
New Jersey,NJ,US,40.314,-74.5089,Jersey
New Mexico,NM,US,34.8375,-106.2371,Mexico
Nevada,NV,US,38.4199,-117.1219,Nevada
New York,NY,US,42.1497,-74.9384,York
Ohio,OH,US,40.3736,-82.7755,Ohio
Oklahoma,OK,US,35.5376,-96.9247,Oklahoma
Oregon,OR,US,44.5672,-122.1269,Oregon
Pennsylvania,PA,US,40.5773,-77.264,Pennsylvania
Puerto Rico,PR,PR,18.2766,-66.335,Rico
Rhode Island,RI,US,41.6772,-71.5101,Island
South Carolina,SC,US,33.8191,-80.9066,Carolina
South Dakota,SD,US,44.2853,-99.4632,Dakota
Tennessee,TN,US,35.7449,-86.7489,Tennessee
Texas,TX,US,31.106,-97.6475,Texas
Utah,UT,US,40.1135,-111.8535,Utah
Virginia,VA,US,37.768,-78.2057,Virginia
United States Virgin Islands,VI,VI,18.0001,-64.8199,Islands
Vermont,VT,US,44.0407,-72.7093,Vermont
Washington,WA,US,47.3917,-121.5708,Washington
Wisconsin,WI,US,44.2563,-89.6385,Wisconsin
West Virginia,WV,US,38.468,-80.9696,Virginia
Wyoming,WY,US,42.7475,-107.2085,Wyoming
